{"cameraMode":{"drawMode":0,"name":"Shaded","section":"Shading Mode"},"sceneLighting":true,"audioPlay":false,"sceneViewState":{"m_AlwaysRefresh":false,"showFog":true,"showSkybox":true,"showFlares":true,"showImageEffects":true,"showParticleSystems":true,"showVisualEffectGraphs":true,"m_FxEnabled":true},"in2DMode":false,"pivot":{"x":-8.989116668701172,"y":1.9243907928466797,"z":13.927257537841797},"rotation":{"x":0.3513890504837036,"y":-0.5966746211051941,"z":0.32553479075431826,"w":0.6439172625541687},"size":11.455297470092774,"orthographic":false}