{"cameraMode":{"drawMode":0,"name":"Shaded","section":"Shading Mode"},"sceneLighting":true,"audioPlay":false,"sceneViewState":{"m_AlwaysRefresh":false,"showFog":true,"showSkybox":true,"showFlares":true,"showImageEffects":true,"showParticleSystems":true,"showVisualEffectGraphs":true,"m_FxEnabled":true},"in2DMode":false,"pivot":{"x":-2.1967694759368898,"y":-1.2105520963668824,"z":-1.0859901905059815},"rotation":{"x":-0.4593908488750458,"y":0.0005304808728396893,"z":-0.0002744266821537167,"w":-0.8882336616516113},"size":18.258522033691408,"orthographic":false}