{"cameraMode":{"drawMode":0,"name":"Shaded","section":"Shading Mode"},"sceneLighting":true,"audioPlay":false,"sceneViewState":{"m_AlwaysRefresh":false,"showFog":true,"showSkybox":true,"showFlares":true,"showImageEffects":true,"showParticleSystems":true,"showVisualEffectGraphs":true,"m_FxEnabled":true},"in2DMode":false,"pivot":{"x":1.6864252090454102,"y":-28.03966522216797,"z":24.741756439208986},"rotation":{"x":0.40991151332855227,"y":0.01231306605041027,"z":-0.005534133408218622,"w":0.9120246171951294},"size":41.81809997558594,"orthographic":false}